AF243177.1	RS_GCF_030373865.1~NZ_JAUDEI010000095.1	99.352	1544	6	4	1	1541	30	1572	0.0	2793
AF243177.1	GB_GCA_029866865.1~CP122957.1-#3	99.352	1544	6	4	1	1541	30	1572	0.0	2793
AF243177.1	RS_GCF_030371355.1~NZ_JAUDDF010000064.1	99.352	1544	6	4	1	1541	30	1572	0.0	2793
AF243177.1	RS_GCF_025311515.1~NZ_CP104399.1-#5	99.352	1544	6	4	1	1541	30	1572	0.0	2793
AF243177.1	RS_GCF_030371965.1~NZ_JAUDDU010000079.1	99.352	1544	6	4	1	1541	30	1572	0.0	2793
AF243177.1	RS_GCF_025677785.1~NZ_CP106884.1	99.352	1544	6	4	1	1541	30	1572	0.0	2793
AF243177.1	RS_GCF_030371915.1~NZ_JAUDDO010000089.1	99.352	1544	6	4	1	1541	30	1572	0.0	2793
AF243177.1	RS_GCF_009362935.1~NZ_CP045240.1-#2	99.352	1544	6	4	1	1541	30	1572	0.0	2793
AF243177.1	RS_GCF_027682185.1~NZ_JAQDAC010000020.1	99.352	1544	6	4	1	1541	30	1572	0.0	2793
AF243177.1	RS_GCF_030372015.1~NZ_JAUDDS010000058.1	99.352	1544	6	4	1	1541	30	1572	0.0	2793
AF243177.1	RS_GCF_030371875.1~NZ_JAUDDT010000074.1	99.288	1544	7	4	1	1541	30	1572	0.0	2787
AF243177.1	RS_GCF_028607005.1~NZ_CP117295.1	99.223	1544	8	4	1	1541	30	1572	0.0	2782
AF243177.1	RS_GCF_026935945.1~NZ_JAKNNW010000004.1	99.158	1544	9	4	1	1541	30	1572	0.0	2776
AF243177.1	RS_GCF_027681305.1~NZ_JAQDBW010000004.1	99.093	1544	10	4	1	1541	30	1572	0.0	2771
AF243177.1	RS_GCF_028607025.1~NZ_CP117296.1	99.093	1544	10	4	1	1541	30	1572	0.0	2771
AF243177.1	GB_GCA_002871555.1~PNGN01000029.1	99.093	1544	10	4	1	1541	30	1572	0.0	2771
AF243177.1	RS_GCF_014838745.1~NZ_JABUXR010000037.1	99.028	1544	11	4	1	1541	29	1571	0.0	2765
AF243177.1	GB_GCA_902362445.1~CABIWN010000031.1	98.964	1544	12	4	1	1541	30	1572	0.0	2760
AF243177.1	RS_GCF_014836425.1~NZ_JACSQW010000048.1	98.769	1544	15	4	1	1541	30	1572	0.0	2743
AF243177.1	RS_GCF_021168825.1~NZ_JAJPCV010000031.1	98.510	1544	19	4	1	1541	30	1572	0.0	2721
AF243177.1	RS_GCF_014145505.1~NZ_JACIUZ010000016.1	98.510	1544	19	4	1	1541	30	1572	0.0	2721
AF243177.1	RS_GCF_021168855.1~NZ_JAJPCX010000072.1	98.381	1544	21	4	1	1541	30	1572	0.0	2710
AF243177.1	RS_GCF_014145425.1~NZ_JACIUY010000063.1	98.381	1544	21	4	1	1541	30	1572	0.0	2710
AF243177.1	RS_GCF_021168875.1~NZ_JAJPCY010000063.1	98.381	1544	21	4	1	1541	30	1572	0.0	2710
AF243177.1	RS_GCF_021168815.1~NZ_JAJPCW010000060.1	98.381	1544	21	4	1	1541	30	1572	0.0	2710
AF243177.1	RS_GCF_001436045.1~NZ_AZER01000001.1	97.992	1544	27	4	1	1541	30	1572	0.0	2676
AF243177.1	RS_GCF_008876665.1~NZ_CP044534.1	97.927	1544	28	4	1	1541	30	1572	0.0	2671
AF243177.1	RS_GCF_022482305.1~NZ_JAKVPL010000001.1-#2	97.605	1545	32	5	1	1541	30	1573	0.0	2643
AF243177.1	RS_GCF_022482365.1~NZ_JAKVPE010000001.1-#2	97.605	1545	32	5	1	1541	30	1573	0.0	2643
AF243177.1	RS_GCF_002940945.1~NZ_PNFV01000020.1	97.411	1545	35	5	1	1541	29	1572	0.0	2627
AF243177.1	RS_GCF_030373995.1~NZ_JAUDEM010000088.1	97.346	1545	36	5	1	1541	29	1572	0.0	2621
AF243177.1	RS_GCF_009428965.1~NZ_CP045530.1-#2	97.282	1545	37	5	1	1541	29	1572	0.0	2615
AF243177.1	RS_GCF_019797825.1~NZ_CP081855.1	97.023	1545	41	5	1	1541	29	1572	0.0	2593
AF243177.1	RS_GCF_021168635.1~NZ_JAJPDA010000034.1	96.893	1545	42	6	1	1541	29	1571	0.0	2582
AF243177.1	RS_GCF_014145555.1~NZ_JACIVD010000075.1	96.893	1545	42	6	1	1541	29	1571	0.0	2582
AF243177.1	RS_GCF_030373945.1~NZ_JAUDEO010000112.1	96.893	1545	43	5	1	1541	29	1572	0.0	2582
AF243177.1	GB_GCA_009649495.1~WJNB01000027.1	96.828	1545	43	6	1	1541	29	1571	0.0	2577
AF243177.1	GB_GCA_014397075.1~JACJUN010000001.1	96.828	1545	43	6	1	1541	29	1571	0.0	2577
AF243177.1	RS_GCF_021168755.1~NZ_JAJPDD010000078.1	96.768	1547	41	9	1	1541	29	1572	0.0	2571
AF243177.1	RS_GCF_028656225.1~NZ_JAQTKU010000001.1	96.768	1547	41	9	1	1541	29	1572	0.0	2571
AF243177.1	RS_GCF_900156885.1~NZ_FTOY01000011.1	96.764	1545	43	7	1	1541	29	1570	0.0	2569
AF243177.1	RS_GCF_014145585.1~NZ_JACIVF010000071.1	96.703	1547	42	9	1	1541	29	1572	0.0	2566
AF243177.1	GB_GCA_011028005.1~JAAJBL010000035.1	96.699	1545	45	6	1	1541	29	1571	0.0	2566
AF243177.1	RS_GCF_012275185.1~NZ_CP051129.1	96.703	1547	42	9	1	1541	29	1572	0.0	2566
AF243177.1	RS_GCF_009389215.1~NZ_QKQB01000084.1	96.703	1547	42	9	1	1541	29	1572	0.0	2566
AF243177.1	RS_GCF_002254195.1~NZ_NGQD01000107.1	96.703	1547	42	9	1	1541	29	1572	0.0	2566
AF243177.1	RS_GCF_002253755.1~NZ_NGPG01000018.1	96.703	1547	42	9	1	1541	29	1572	0.0	2566
AF243177.1	RS_GCF_002253765.1~NZ_NGPH01000048.1	96.703	1547	42	9	1	1541	29	1572	0.0	2566
AF243177.1	RS_GCF_002254045.1~NZ_NGPW01000106.1	96.703	1547	42	9	1	1541	29	1572	0.0	2566
AF243177.1	RS_GCF_002254115.1~NZ_NGPZ01000056.1	96.703	1547	42	9	1	1541	29	1572	0.0	2566
AF243177.1	RS_GCF_000712555.1~NZ_JOSX01000013.1	96.701	1546	43	8	1	1541	29	1571	0.0	2566
AF243177.1	RS_GCF_000168255.1~NZ_AAPZ02000001.1	96.703	1547	42	9	1	1541	29	1572	0.0	2566
AF243177.1	RS_GCF_002253705.1~NZ_NGPD01000086.1	96.703	1547	42	9	1	1541	29	1572	0.0	2566
AF243177.1	RS_GCF_002254095.1~NZ_NGPU01000118.1	96.703	1547	42	9	1	1541	29	1572	0.0	2566
AF243177.1	RS_GCF_002254165.1~NZ_NGQB01000036.1	96.703	1547	42	9	1	1541	29	1572	0.0	2566
AF243177.1	RS_GCF_002253945.1~NZ_NGPO01000056.1	96.703	1547	42	9	1	1541	29	1572	0.0	2566
AF243177.1	RS_GCF_002254175.1~NZ_NGQA01000038.1	96.703	1547	42	9	1	1541	29	1572	0.0	2566
AF243177.1	RS_GCF_002254025.1~NZ_NGPV01000070.1	96.703	1547	42	9	1	1541	29	1572	0.0	2566
AF243177.1	RS_GCF_002254085.1~NZ_NGPY01000036.1	96.703	1547	42	9	1	1541	29	1572	0.0	2566
AF243177.1	RS_GCF_018884225.1~NZ_CP065540.1	96.703	1547	42	9	1	1541	29	1572	0.0	2566
AF243177.1	RS_GCF_001889975.1~NZ_MKQH01000014.1	96.703	1547	42	9	1	1541	29	1572	0.0	2566
AF243177.1	RS_GCF_021168785.1~NZ_JAJPDG010000097.1	96.639	1547	43	9	1	1541	29	1572	0.0	2560
AF243177.1	RS_GCF_021168655.1~NZ_JAJPDF010000076.1	96.639	1547	43	9	1	1541	29	1572	0.0	2560
AF243177.1	GB_GCA_011958095.1~BLMQ01000051.1	96.636	1546	45	7	1	1541	29	1572	0.0	2560
AF243177.1	RS_GCF_020784875.1~NZ_JAJGUI010000114.1	96.639	1547	43	9	1	1541	29	1572	0.0	2560
AF243177.1	RS_GCF_020784805.1~NZ_JAJGUH010000029.1	96.639	1547	43	9	1	1541	29	1572	0.0	2560
AF243177.1	RS_GCF_009389205.1~NZ_QKQA01000104.1	96.639	1547	43	9	1	1541	29	1572	0.0	2560
AF243177.1	RS_GCF_009389425.1~NZ_QKQM01000098.1	96.639	1547	43	9	1	1541	29	1572	0.0	2560
AF243177.1	RS_GCF_002112185.1~NZ_NBBG01000072.1	96.639	1547	43	9	1	1541	29	1572	0.0	2560
AF243177.1	RS_GCF_009389475.1~NZ_QKQO01000112.1	96.639	1547	43	9	1	1541	29	1572	0.0	2560
AF243177.1	RS_GCF_009389465.1~NZ_QKQN01000087.1	96.639	1547	43	9	1	1541	29	1572	0.0	2560
AF243177.1	RS_GCF_009389155.1~NZ_QKPZ01000075.1	96.639	1547	43	9	1	1541	29	1572	0.0	2560
AF243177.1	RS_GCF_002762415.1~NZ_PESO01000067.1	96.639	1547	43	9	1	1541	29	1572	0.0	2560
AF243177.1	RS_GCF_009389335.1~NZ_QKQH01000082.1	96.639	1547	43	9	1	1541	29	1572	0.0	2560
AF243177.1	GB_GCA_002553855.1~PCYS01000183.1	96.639	1547	43	9	1	1541	29	1572	0.0	2560
AF243177.1	RS_GCF_947381695.1~NZ_CANCWY010000053.1	96.639	1547	43	9	1	1541	29	1572	0.0	2560
AF243177.1	GB_GCA_025962825.1~JAOZWS010000060.1	96.639	1547	43	9	1	1541	29	1572	0.0	2560
AF243177.1	RS_GCF_028369155.1~NZ_JAPWIY010000005.1	96.639	1547	43	9	1	1541	29	1572	0.0	2560
AF243177.1	RS_GCF_003065345.1~NZ_QAZM01000068.1	96.639	1547	43	9	1	1541	29	1572	0.0	2560
AF243177.1	RS_GCF_009389385.1~NZ_QKQK01000073.1	96.639	1547	43	9	1	1541	29	1572	0.0	2560
AF243177.1	GB_GCA_002553845.1~PCYX01000134.1	96.639	1547	43	9	1	1541	29	1572	0.0	2560
AF243177.1	RS_GCF_003064585.1~NZ_QAZL01000067.1	96.639	1547	43	9	1	1541	29	1572	0.0	2560
AF243177.1	RS_GCF_003053005.1~NZ_QAZN01000042.1	96.639	1547	43	9	1	1541	29	1572	0.0	2560
AF243177.1	RS_GCF_025189665.1~NZ_RINQ01000070.1	96.639	1547	43	9	1	1541	29	1572	0.0	2560
AF243177.1	RS_GCF_002253745.1~NZ_NGPE01000128.1	96.639	1547	43	9	1	1541	29	1572	0.0	2560
AF243177.1	RS_GCF_002254105.1~NZ_NGPX01000045.1	96.639	1547	43	9	1	1541	29	1572	0.0	2560
AF243177.1	RS_GCF_002253665.1~NZ_NGPA01000082.1	96.639	1547	43	9	1	1541	29	1572	0.0	2560
AF243177.1	RS_GCF_002254255.1~NZ_NGQF01000039.1	96.639	1547	43	9	1	1541	29	1572	0.0	2560
AF243177.1	GB_GCA_000712565.2~JOSW02000017.1	96.639	1547	43	9	1	1541	29	1572	0.0	2560
AF243177.1	RS_GCF_002128615.1~NZ_MIMR01000190.1	96.639	1547	43	9	1	1541	29	1572	0.0	2560
AF243177.1	RS_GCF_009649605.1~NZ_WJND01000036.1	96.639	1547	43	9	1	1541	29	1572	0.0	2560
AF243177.1	RS_GCF_002254245.1~NZ_NGQE01000163.1	96.639	1547	43	9	1	1541	29	1572	0.0	2560
AF243177.1	RS_GCF_009649475.1~NZ_WJNC01000043.1	96.639	1547	43	9	1	1541	29	1572	0.0	2560
AF243177.1	RS_GCF_002253825.1~NZ_NGPL01000058.1	96.639	1547	43	9	1	1541	29	1572	0.0	2560
AF243177.1	RS_GCF_000159475.2~NZ_ACGX02000004.1	96.639	1547	43	9	1	1541	29	1572	0.0	2560
AF243177.1	RS_GCF_020785215.1~NZ_JAJGVA010000170.1	96.639	1547	43	9	1	1541	29	1572	0.0	2560
AF243177.1	RS_GCF_030418275.1~NZ_JARJDI010000001.1	96.639	1547	43	9	1	1541	29	1572	0.0	2560
AF243177.1	RS_GCF_023896335.1~NZ_JAMHJN010000081.1	96.639	1547	43	9	1	1541	29	1572	0.0	2560
AF243177.1	RS_GCF_021165875.1~NZ_CP088931.1	96.639	1547	43	9	1	1541	29	1572	0.0	2560
AF243177.1	RS_GCF_021383585.1~NZ_CP073062.1	96.639	1547	43	9	1	1541	29	1572	0.0	2560
AF243177.1	RS_GCF_001046835.1~NZ_CP011024.1	96.639	1547	43	9	1	1541	29	1572	0.0	2560
AF243177.1	RS_GCF_002128765.1~NZ_MIMV01000215.1	96.639	1547	43	9	1	1541	29	1572	0.0	2560
AF243177.1	RS_GCF_020785225.1~NZ_JAJGVB010000154.1	96.639	1547	43	9	1	1541	29	1572	0.0	2560
AF243177.1	RS_GCF_011009765.1~NZ_SDQX01000067.1	96.639	1547	43	9	1	1541	29	1572	0.0	2560
AF243177.1	RS_GCF_020785275.1~NZ_JAJGVC010000170.1	96.639	1547	43	9	1	1541	29	1572	0.0	2560
AF243177.1	RS_GCF_002128715.1~NZ_MIML01000003.1	96.639	1547	43	9	1	1541	29	1572	0.0	2560
AF243177.1	RS_GCF_020784945.1~NZ_JAJGUM010000159.1	96.639	1547	43	9	1	1541	29	1572	0.0	2560
AF243177.1	RS_GCF_023078415.1~NZ_CP095735.1	96.639	1547	43	9	1	1541	29	1572	0.0	2560
AF243177.1	RS_GCF_022586935.1~NZ_JAKZMP010000082.1	96.639	1547	43	9	1	1541	29	1572	0.0	2560
AF243177.1	RS_GCF_002128495.1~NZ_MIMI01000003.1	96.639	1547	43	9	1	1541	29	1572	0.0	2560
AF243177.1	RS_GCF_002128485.1~NZ_MIME01000140.1	96.639	1547	43	9	1	1541	29	1572	0.0	2560
AF243177.1	RS_GCF_003719715.1~NZ_RIAU01000001.1	96.639	1547	43	9	1	1541	29	1572	0.0	2560
AF243177.1	RS_GCF_020023775.1~NZ_CP080622.1	96.639	1547	43	9	1	1541	29	1572	0.0	2560
AF243177.1	RS_GCF_002128755.1~NZ_MIMN01000021.1	96.639	1547	43	9	1	1541	29	1572	0.0	2560
AF243177.1	RS_GCF_004208615.1~NZ_CP035790.1	96.639	1547	43	9	1	1541	29	1572	0.0	2560
AF243177.1	GB_GCA_002128515.1~MIMF01000044.1	96.639	1547	43	9	1	1541	29	1572	0.0	2560
AF243177.1	RS_GCF_000236455.2~NZ_LN906634.1	96.641	1548	41	9	1	1541	29	1572	0.0	2560
AF243177.1	RS_GCF_024652885.1~NZ_CP102425.1	96.639	1547	43	9	1	1541	29	1572	0.0	2560
AF243177.1	RS_GCF_000016825.1~NC_009513.1	96.639	1547	43	9	1	1541	29	1572	0.0	2560
AF243177.1	RS_GCF_020023755.1~NZ_CP080621.1	96.639	1547	43	9	1	1541	29	1572	0.0	2560
AF243177.1	RS_GCF_001435915.1~NZ_AZGL01000115.1	99.294	1416	7	3	128	1541	1	1415	0.0	2556
AF243177.1	RS_GCF_003703875.1~NZ_PTLS01000024.1	96.509	1547	45	9	1	1541	29	1572	0.0	2556
AF243177.1	RS_GCF_003072625.1~NZ_CP027805.1	96.574	1547	44	9	1	1541	29	1572	0.0	2555
AF243177.1	RS_GCF_020784695.1~NZ_JAJGUA010000044.1	96.574	1547	44	9	1	1541	29	1572	0.0	2555
AF243177.1	RS_GCF_020784665.1~NZ_JAJGTX010000006.1	96.574	1547	44	9	1	1541	29	1572	0.0	2555
AF243177.1	RS_GCF_020784725.1~NZ_JAJGTZ010000041.1	96.574	1547	44	9	1	1541	29	1572	0.0	2555
AF243177.1	RS_GCF_020784655.1~NZ_JAJGTY010000073.1	96.574	1547	44	9	1	1541	29	1572	0.0	2555
AF243177.1	RS_GCF_030226325.1~NZ_JASOXU010000037.1	96.574	1547	44	9	1	1541	29	1572	0.0	2555
AF243177.1	RS_GCF_009649535.1~NZ_WJNF01000038.1	96.574	1547	44	9	1	1541	29	1572	0.0	2555
AF243177.1	RS_GCF_009649505.1~NZ_WJMX01000040.1	96.574	1547	44	9	1	1541	29	1572	0.0	2555
AF243177.1	RS_GCF_009649545.1~NZ_WJMZ01000025.1	96.574	1547	44	9	1	1541	29	1572	0.0	2555
AF243177.1	RS_GCF_009389375.1~NZ_QKQI01000087.1	96.574	1547	44	9	1	1541	29	1572	0.0	2555
AF243177.1	RS_GCF_009389035.1~NZ_QKPT01000086.1	96.574	1547	44	9	1	1541	29	1572	0.0	2555
AF243177.1	RS_GCF_901600695.1~NZ_LR594460.1	96.574	1547	44	9	1	1541	29	1572	0.0	2555
AF243177.1	RS_GCF_009389365.1~NZ_QKQJ01000081.1	96.574	1547	44	9	1	1541	29	1572	0.0	2555
AF243177.1	RS_GCF_028656195.1~NZ_JAQTKT010000001.1	96.574	1547	44	9	1	1541	29	1572	0.0	2555
AF243177.1	RS_GCF_009389245.1~NZ_QKQE01000093.1	96.574	1547	44	9	1	1541	29	1572	0.0	2555
AF243177.1	RS_GCF_025515425.1~NZ_JAOPJB010000001.1	96.574	1547	44	9	1	1541	29	1572	0.0	2555
AF243177.1	RS_GCF_009389105.1~NZ_QKPV01000061.1	96.574	1547	44	9	1	1541	29	1572	0.0	2555
AF243177.1	GB_GCA_002553915.1~PCZL01000127.1	96.574	1547	44	9	1	1541	29	1572	0.0	2555
AF243177.1	RS_GCF_009389015.1~NZ_QKPU01000096.1	96.574	1547	44	9	1	1541	29	1572	0.0	2555
AF243177.1	RS_GCF_020978285.1~NZ_CP065849.1	96.572	1546	46	7	1	1541	29	1572	0.0	2555
AF243177.1	RS_GCF_021398615.1~NZ_CP090313.1	96.574	1547	44	9	1	1541	29	1572	0.0	2555
AF243177.1	RS_GCF_009389305.1~NZ_QKQF01000055.1	96.574	1547	44	9	1	1541	29	1572	0.0	2555
AF243177.1	RS_GCF_028656325.1~NZ_JAQTKZ010000001.1	96.574	1547	44	9	1	1541	29	1572	0.0	2555
AF243177.1	RS_GCF_925280345.1~NZ_CAKMAK010000001.1	96.574	1547	44	9	1	1541	29	1572	0.0	2555
AF243177.1	RS_GCF_020785835.1~NZ_JAJGWE010000143.1	96.572	1546	46	7	1	1541	29	1572	0.0	2555
AF243177.1	RS_GCF_009389115.1~NZ_QKPW01000089.1	96.574	1547	44	9	1	1541	29	1572	0.0	2555
AF243177.1	RS_GCF_028656265.1~NZ_JAQTKY010000001.1	96.574	1547	44	9	1	1541	29	1572	0.0	2555
AF243177.1	RS_GCF_021459965.1~NZ_CP090476.1	96.574	1547	44	9	1	1541	29	1572	0.0	2555
AF243177.1	RS_GCF_015552675.1~NZ_JADNFF010000149.1	96.574	1547	44	9	1	1541	29	1572	0.0	2555
AF243177.1	RS_GCF_009389165.1~NZ_QKPX01000097.1	96.574	1547	44	9	1	1541	29	1572	0.0	2555
AF243177.1	GB_GCA_028129035.1~LOCI01000121.1	96.574	1547	43	10	1	1541	29	1571	0.0	2555
AF243177.1	RS_GCF_901600675.1~NZ_LR594462.1	96.574	1547	44	9	1	1541	29	1572	0.0	2555
AF243177.1	RS_GCF_925285275.1~NZ_CAKMBD010000006.1	96.574	1547	44	9	1	1541	29	1572	0.0	2555
AF243177.1	RS_GCF_009389005.1~NZ_QKPQ01000090.1	96.574	1547	44	9	1	1541	29	1572	0.0	2555
AF243177.1	RS_GCF_002007085.1~NZ_MUZP01000069.1	96.572	1546	46	7	1	1541	29	1572	0.0	2555
AF243177.1	RS_GCF_002112245.1~NZ_NBBE01000077.1	96.574	1547	44	9	1	1541	29	1572	0.0	2555
AF243177.1	RS_GCF_002253925.1~NZ_NGPR01000103.1	96.574	1547	44	9	1	1541	29	1572	0.0	2555
AF243177.1	RS_GCF_002254035.1~NZ_NGPT01000105.1	96.574	1547	44	9	1	1541	29	1572	0.0	2555
AF243177.1	RS_GCF_002253835.1~NZ_NGPM01000062.1	96.574	1547	44	9	1	1541	29	1572	0.0	2555
AF243177.1	RS_GCF_009649105.1~NZ_WJMU01000072.1	96.574	1547	44	9	1	1541	29	1572	0.0	2555
AF243177.1	RS_GCF_002253955.1~NZ_NGPS01000123.1	96.574	1547	44	9	1	1541	29	1572	0.0	2555
AF243177.1	RS_GCF_000722535.2~NZ_JOKX02000004.1	96.574	1547	44	9	1	1541	29	1572	0.0	2555
AF243177.1	RS_GCF_002253875.1~NZ_NGPJ01000047.1	96.574	1547	44	9	1	1541	29	1572	0.0	2555
AF243177.1	RS_GCF_002254185.1~NZ_NGQC01000062.1	96.574	1547	44	9	1	1541	29	1572	0.0	2555
AF243177.1	RS_GCF_002128655.1~NZ_MIMT01000137.1	96.574	1547	44	9	1	1541	29	1572	0.0	2555
AF243177.1	RS_GCF_002253865.1~NZ_NGPK01000046.1	96.574	1547	44	9	1	1541	29	1572	0.0	2555
AF243177.1	RS_GCF_002253685.1~NZ_NGPC01000038.1	96.574	1547	44	9	1	1541	29	1572	0.0	2555
AF243177.1	RS_GCF_002253785.1~NZ_NGPI01000052.1	96.574	1547	44	9	1	1541	29	1572	0.0	2555
AF243177.1	RS_GCF_002253965.1~NZ_NGPQ01000043.1	96.574	1547	44	9	1	1541	29	1572	0.0	2555
AF243177.1	RS_GCF_002253625.1~NZ_NGPB01000052.1	96.574	1547	44	9	1	1541	29	1572	0.0	2555
AF243177.1	RS_GCF_002253975.1~NZ_NGPP01000048.1	96.574	1547	44	9	1	1541	29	1572	0.0	2555
AF243177.1	RS_GCF_002128585.1~NZ_MIMK01000138.1	96.574	1547	44	9	1	1541	29	1572	0.0	2555
AF243177.1	RS_GCF_020784235.1~NZ_JAJGTB010000155.1	96.574	1547	44	9	1	1541	29	1572	0.0	2555
AF243177.1	RS_GCF_002253725.1~NZ_NGPF01000108.1	96.574	1547	44	9	1	1541	29	1572	0.0	2555
AF243177.1	RS_GCF_009733655.1~NZ_WLWB01000054.1	96.574	1547	44	9	1	1541	29	1572	0.0	2555
AF243177.1	RS_GCF_018917025.1~NZ_JAHLNX010000070.1	96.574	1547	44	9	1	1541	29	1572	0.0	2555
AF243177.1	RS_GCF_002128745.1~NZ_MIMP01000020.1	96.574	1547	44	9	1	1541	29	1572	0.0	2555
AF243177.1	RS_GCF_001705505.1~NZ_MCNS01000054.1	96.574	1547	44	9	1	1541	29	1572	0.0	2555
AF243177.1	RS_GCF_025369755.1~NZ_CP104438.1	96.574	1547	44	9	1	1541	29	1572	0.0	2555
AF243177.1	RS_GCF_003061745.1~NZ_QAHD01000063.1	96.574	1547	44	9	1	1541	29	1572	0.0	2555
AF243177.1	RS_GCF_013348825.1~NZ_CP054657.1	96.574	1547	44	9	1	1541	29	1572	0.0	2555
AF243177.1	RS_GCF_002128555.1~NZ_MIMJ01000165.1	96.574	1547	44	9	1	1541	29	1572	0.0	2555
AF243177.1	RS_GCF_020784575.1~NZ_JAJGTU010000091.1	96.574	1547	44	9	1	1541	29	1572	0.0	2555
AF243177.1	RS_GCF_000160715.1~NZ_GG693764.1	96.574	1547	44	9	1	1541	29	1572	0.0	2555
AF243177.1	RS_GCF_026183435.1~NZ_CP110802.1	96.574	1547	44	9	1	1541	29	1572	0.0	2555
AF243177.1	RS_GCF_000410995.1~NC_021494.1	96.574	1547	44	9	1	1541	29	1572	0.0	2555
AF243177.1	RS_GCF_020784555.1~NZ_JAJGTT010000069.1	96.574	1547	44	9	1	1541	29	1572	0.0	2555
AF243177.1	RS_GCF_901971765.1~NZ_CABFNG010000109.1	96.574	1547	44	9	1	1541	29	1572	0.0	2555
AF243177.1	RS_GCF_030345055.1~NZ_CP128363.1	96.574	1547	44	9	1	1541	29	1572	0.0	2555
AF243177.1	RS_GCF_006874665.1~NZ_CP030089.1	96.574	1547	44	9	1	1541	29	1572	0.0	2555
AF243177.1	RS_GCF_020784635.1~NZ_JAJGTS010000100.1	96.574	1547	44	9	1	1541	29	1572	0.0	2555
AF243177.1	RS_GCF_009733645.1~NZ_WLWC01000057.1	96.574	1547	44	9	1	1541	29	1572	0.0	2555
AF243177.1	RS_GCF_001618905.1~NZ_CP014786.1	96.574	1547	44	9	1	1541	29	1572	0.0	2555
AF243177.1	RS_GCF_009733615.2~NZ_WLWA01000053.1	96.574	1547	44	9	1	1541	29	1572	0.0	2555
AF243177.1	GB_GCA_002553995.1~PCZE01000054.1	99.431	1407	6	2	136	1541	1	1406	0.0	2553
AF243177.1	RS_GCF_000159435.1~NZ_GG693419.1	99.431	1407	6	2	136	1541	1	1406	0.0	2553
AF243177.1	RS_GCF_001657495.1~NZ_LYWI01000021.1	96.509	1547	45	9	1	1541	29	1572	0.0	2553
AF243177.1	RS_GCF_030517815.1~NZ_CP130282.1-#2	96.512	1548	44	10	1	1541	29	1573	0.0	2551
AF243177.1	RS_GCF_932750845.1~NZ_CAKOCC010000039.1	96.505	1545	49	5	1	1541	30	1573	0.0	2549
AF243177.1	RS_GCF_014830205.1~NZ_QORN01000062.1	96.505	1545	48	6	1	1541	30	1572	0.0	2549
AF243177.1	RS_GCF_948989675.1~NZ_CARHQW010000032.1	96.505	1545	48	6	1	1541	30	1572	0.0	2549
AF243177.1	RS_GCF_003703885.1~NZ_PUXG01000035.1	96.509	1547	45	9	1	1541	29	1572	0.0	2549
AF243177.1	RS_GCF_000439275.1~NC_021872.1	96.509	1547	45	9	1	1541	29	1572	0.0	2549
AF243177.1	RS_GCF_009389285.1~NZ_QKQD01000109.1	96.509	1547	45	9	1	1541	29	1572	0.0	2549
AF243177.1	RS_GCF_020785755.1~NZ_JAJGWC010000222.1	96.507	1546	47	7	1	1541	29	1572	0.0	2549
AF243177.1	RS_GCF_009389435.1~NZ_QKQL01000098.1	96.509	1547	45	9	1	1541	29	1572	0.0	2549
AF243177.1	RS_GCF_028656315.1~NZ_JAQTLA010000001.1	96.509	1547	45	9	1	1541	29	1572	0.0	2549
AF243177.1	RS_GCF_020978225.1~NZ_CP065330.1	96.509	1547	45	9	1	1541	29	1572	0.0	2549
AF243177.1	RS_GCF_002112805.1~NZ_NBBF01000114.1	96.509	1547	45	9	1	1541	29	1572	0.0	2549
AF243177.1	RS_GCF_020785795.1~NZ_JAJGWB010000160.1	96.507	1546	47	7	1	1541	29	1572	0.0	2549
AF243177.1	RS_GCF_020785765.1~NZ_JAJGWA010000152.1	96.507	1546	47	7	1	1541	29	1572	0.0	2549
AF243177.1	RS_GCF_020785855.1~NZ_JAJGWG010000223.1	96.507	1546	47	7	1	1541	29	1572	0.0	2549
AF243177.1	RS_GCF_013487925.1~NZ_CP047416.1	96.509	1547	45	9	1	1541	29	1572	0.0	2549
AF243177.1	RS_GCF_002128605.1~NZ_MIMO01000121.1	96.509	1547	45	9	1	1541	29	1572	0.0	2549
AF243177.1	RS_GCF_015377805.1~NZ_CP045605.1	96.509	1547	45	9	1	1541	29	1572	0.0	2549
AF243177.1	RS_GCF_009184725.1~NZ_CP045049.1	96.509	1547	45	9	1	1541	29	1572	0.0	2549
AF243177.1	RS_GCF_021228055.1~NZ_CP089303.1	96.509	1547	45	9	1	1541	29	1572	0.0	2549
AF243177.1	RS_GCF_004794115.1~NZ_SRYI01000071.1	96.509	1547	45	9	1	1541	29	1572	0.0	2549
AF243177.1	GB_GCA_902374125.1~CABKON010000001.1-#3	96.447	1548	45	10	1	1541	29	1573	0.0	2545
AF243177.1	RS_GCF_028656395.1~NZ_JAQTLB010000001.1-#4	96.447	1548	45	10	1	1541	29	1573	0.0	2545
AF243177.1	RS_GCF_000159455.2~NC_015697.1-#3	96.447	1548	45	10	1	1541	29	1573	0.0	2545
AF243177.1	GB_GCA_014336805.1~QOWD01000428.1	96.442	1546	48	7	1	1541	29	1572	0.0	2545
AF243177.1	RS_GCF_001435475.1~NZ_AZDK01000028.1	96.440	1545	50	5	1	1541	30	1573	0.0	2543
AF243177.1	RS_GCF_000160835.1~NZ_GG700732.1	96.440	1545	50	5	1	1541	30	1573	0.0	2543
AF243177.1	RS_GCF_902375735.1~NZ_CABKUX010000021.1	96.440	1545	50	5	1	1541	30	1573	0.0	2543
AF243177.1	RS_GCF_025311495.1~NZ_CP104398.1	96.438	1544	51	4	1	1541	30	1572	0.0	2543
AF243177.1	RS_GCF_901873565.1~NZ_CABFLO010000072.1	96.438	1544	51	4	1	1541	30	1572	0.0	2543
AF243177.1	RS_GCF_000221505.1~NZ_AFTL01000005.1	96.438	1544	51	4	1	1541	30	1572	0.0	2543
AF243177.1	RS_GCF_027692585.1~NZ_JAQEZJ010000025.1	96.438	1544	51	4	1	1541	30	1572	0.0	2543
AF243177.1	RS_GCF_001434465.1~NZ_AZGE01000048.1	96.438	1544	51	4	1	1541	30	1572	0.0	2543
AF243177.1	RS_GCF_003316895.1~NZ_CP029613.1	96.445	1547	46	9	1	1541	29	1572	0.0	2543
AF243177.1	RS_GCF_003316935.1~NZ_CP029615.1	96.445	1547	46	9	1	1541	29	1572	0.0	2543
AF243177.1	RS_GCF_030585585.1~NZ_CP089962.1	96.442	1546	48	7	1	1541	29	1572	0.0	2543
AF243177.1	RS_GCF_009389325.1~NZ_QKQG01000089.1	96.445	1547	46	9	1	1541	29	1572	0.0	2543
AF243177.1	RS_GCF_009389255.1~NZ_QKQC01000093.1	96.445	1547	46	9	1	1541	29	1572	0.0	2543
AF243177.1	RS_GCF_004793875.1~NZ_SRYH01000110.1	96.445	1547	46	9	1	1541	29	1572	0.0	2543
AF243177.1	RS_GCF_003175035.1~NZ_QGHS01000197.1	96.445	1547	46	9	1	1541	29	1572	0.0	2543
AF243177.1	RS_GCF_003175085.1~NZ_QGHX01000201.1	96.445	1547	46	9	1	1541	29	1572	0.0	2543
AF243177.1	RS_GCF_020412465.1~NZ_CP084584.1	96.445	1547	46	9	1	1541	29	1572	0.0	2543
AF243177.1	RS_GCF_022509405.1~NZ_JAJAOX010000109.1	96.445	1547	46	9	1	1541	29	1572	0.0	2543
AF243177.1	RS_GCF_003175115.1~NZ_QGHY01000164.1	96.445	1547	46	9	1	1541	29	1572	0.0	2543
AF243177.1	RS_GCF_020412485.1~NZ_CP084583.1	96.445	1547	46	9	1	1541	29	1572	0.0	2543
AF243177.1	GB_GCA_025854355.1~CP107570.1	96.445	1547	46	9	1	1541	29	1572	0.0	2543
AF243177.1	RS_GCF_002221655.1~NZ_NHMT01000001.1	96.445	1547	46	9	1	1541	29	1572	0.0	2543
AF243177.1	RS_GCF_016697045.1~NZ_CP065318.1	96.445	1547	46	9	1	1541	29	1572	0.0	2543
AF243177.1	RS_GCF_001688685.2~NZ_CP015408.2	96.445	1547	46	9	1	1541	29	1572	0.0	2543
AF243177.1	RS_GCF_030721705.1~NZ_CP130468.1-#6	96.382	1548	46	10	1	1541	29	1573	0.0	2540
AF243177.1	RS_GCF_015234165.1~NZ_JADGID010000046.1	96.373	1544	52	4	1	1541	30	1572	0.0	2538
AF243177.1	RS_GCF_030053195.1~NZ_CP125629.1	96.373	1544	52	4	1	1541	30	1572	0.0	2538
AF243177.1	RS_GCF_947381755.1~NZ_CANCWX010000048.1	96.373	1544	52	4	1	1541	30	1572	0.0	2538
AF243177.1	RS_GCF_000180015.1~NZ_AEKL01000077.1	96.373	1544	52	4	1	1541	30	1572	0.0	2538
AF243177.1	RS_GCF_013694365.1~NZ_CP059275.1-#3	96.378	1546	49	7	1	1541	371	1914	0.0	2538
AF243177.1	RS_GCF_013694365.1~NZ_CP059275.1-#3	89.841	315	28	4	1	312	29	342	1.60e-111	401
AF243177.1	GB_GCA_025963005.1~JAOZWF010000007.1	96.380	1547	47	9	1	1541	29	1572	0.0	2538
AF243177.1	RS_GCF_020785735.1~NZ_JAJGVU010000275.1	96.380	1547	47	9	1	1541	29	1572	0.0	2538
AF243177.1	RS_GCF_000758185.1~NZ_JOOG01000004.1	96.380	1547	47	9	1	1541	29	1572	0.0	2538
AF243177.1	RS_GCF_022482285.1~NZ_JAKVPM010000001.1	96.308	1544	53	4	1	1541	30	1572	0.0	2532
AF243177.1	RS_GCF_022482385.1~NZ_JAKVPF010000001.1	96.308	1544	53	4	1	1541	30	1572	0.0	2532
AF243177.1	RS_GCF_000010005.1~NC_010609.1-#4	96.260	1551	45	10	1	1541	29	1576	0.0	2531
AF243177.1	GB_GCA_948727265.1~CAPWLT010000049.1	96.251	1547	49	9	1	1541	29	1572	0.0	2527
AF243177.1	RS_GCF_900240275.1~NZ_LT964761.1	95.984	1544	58	4	1	1541	29	1571	0.0	2505
AF243177.1	RS_GCF_001435345.1~NZ_AZGO01000009.1	97.399	1461	35	3	82	1540	1	1460	0.0	2484
AF243177.1	GB_GCA_002554045.1~PCZC01000097.1	97.007	1470	40	4	74	1540	1	1469	0.0	2468
AF243177.1	RS_GCF_947387495.1~NZ_CANDNU010000085.1	95.534	1545	63	6	1	1541	29	1571	0.0	2466
AF243177.1	RS_GCF_002128525.1~NZ_MIMH01000149.1	97.003	1468	40	4	76	1540	1	1467	0.0	2464
AF243177.1	RS_GCF_002128685.1~NZ_MIMU01000027.1	97.003	1468	40	4	76	1540	1	1467	0.0	2464
AF243177.1	RS_GCF_025189695.1~NZ_RINR01000058.1	97.249	1454	36	4	91	1541	1	1453	0.0	2460
AF243177.1	GB_GCA_949373945.1~CASIEH010000004.1	95.416	1549	58	13	1	1541	29	1572	0.0	2455
AF243177.1	GB_GCA_949466465.1~CASVXG010000006.1	95.416	1549	58	13	1	1541	29	1572	0.0	2455
AF243177.1	RS_GCF_020785655.1~NZ_JAJGVW010000018.1	97.047	1456	39	4	89	1541	1	1455	0.0	2447
AF243177.1	RS_GCF_020785995.1~NZ_JAJGWI010000248.1	97.045	1455	39	4	90	1541	1	1454	0.0	2446
AF243177.1	RS_GCF_020785915.1~NZ_JAJGWJ010000240.1	97.045	1455	39	4	90	1541	1	1454	0.0	2446
AF243177.1	RS_GCF_021229095.1~NZ_JAJQWM010000143.1	97.045	1455	39	4	90	1541	1	1454	0.0	2446
AF243177.1	RS_GCF_020785895.1~NZ_JAJGWH010000228.1	97.045	1455	39	4	90	1541	1	1454	0.0	2446
AF243177.1	RS_GCF_002112195.1~NZ_NBBH01000108.1	97.045	1455	39	4	90	1541	1	1454	0.0	2446
AF243177.1	RS_GCF_002112225.1~NZ_NBBD01000048.1	97.045	1455	39	4	90	1541	1	1454	0.0	2446
AF243177.1	RS_GCF_000179455.1~NZ_AEAX01000072.1	97.045	1455	39	4	90	1541	1	1454	0.0	2446
AF243177.1	RS_GCF_943192935.1~NZ_CALPCI010000008.1	95.278	1546	65	8	1	1541	29	1571	0.0	2444
AF243177.1	GB_GCA_948768685.1~CAQCPE010000007.1	95.281	1547	64	9	1	1541	29	1572	0.0	2444
AF243177.1	RS_GCF_003046055.1~NZ_PZQN01000047.1	97.041	1453	39	4	92	1541	1	1452	0.0	2442
AF243177.1	RS_GCF_012971015.1~NZ_VRYM01000002.1	96.976	1455	40	4	90	1541	1	1454	0.0	2440
AF243177.1	RS_GCF_009649645.1~NZ_WJMV01000070.1	96.976	1455	40	4	90	1541	1	1454	0.0	2440
AF243177.1	RS_GCF_014145605.1~NZ_JACIVG010000085.1	96.790	1464	39	8	1	1459	29	1489	0.0	2436
AF243177.1	RS_GCF_009649595.1~NZ_WJMW01000079.1	96.909	1456	41	4	89	1541	1	1455	0.0	2436
AF243177.1	RS_GCF_000159615.1~NZ_GG693685.1	97.093	1445	38	4	100	1541	1	1444	0.0	2433
AF243177.1	RS_GCF_002160565.1~NZ_NFKV01000084.1	97.093	1445	38	4	100	1541	1	1444	0.0	2433
AF243177.1	RS_GCF_001437055.1~NZ_JQBW01000001.1	95.087	1547	66	10	1	1541	29	1571	0.0	2427
AF243177.1	RS_GCF_016901675.1~NZ_JACJKU010000090.1	95.084	1546	68	8	1	1541	29	1571	0.0	2427
AF243177.1	RS_GCF_932750685.1~NZ_CAKOBX010000019.1	99.181	1343	9	2	200	1541	1	1342	0.0	2418
AF243177.1	RS_GCF_000161935.1~NZ_GG698808.1	94.955	1546	70	8	1	1541	29	1571	0.0	2416
AF243177.1	RS_GCF_016900115.1~NZ_JACJJQ010000077.1	94.761	1546	73	8	1	1541	29	1571	0.0	2399
AF243177.1	RS_GCF_020785475.1~NZ_JAJGVJ010000020.1	97.376	1410	34	3	134	1541	1	1409	0.0	2396
AF243177.1	RS_GCF_020785325.1~NZ_JAJGVF010000023.1	97.376	1410	34	3	134	1541	1	1409	0.0	2396
AF243177.1	RS_GCF_020785255.1~NZ_JAJGVD010000022.1	97.376	1410	34	3	134	1541	1	1409	0.0	2396
AF243177.1	RS_GCF_020785335.1~NZ_JAJGVG010000040.1	97.376	1410	34	3	134	1541	1	1409	0.0	2396
AF243177.1	RS_GCF_020785415.1~NZ_JAJGVI010000023.1	97.376	1410	34	3	134	1541	1	1409	0.0	2396
AF243177.1	RS_GCF_020785355.1~NZ_JAJGVH010000023.1	97.376	1410	34	3	134	1541	1	1409	0.0	2396
AF243177.1	RS_GCF_009649565.1~NZ_WJNA01000050.1	97.376	1410	34	3	134	1541	1	1409	0.0	2396
AF243177.1	RS_GCF_002253905.1~NZ_NGPN01000047.1	97.376	1410	34	3	133	1540	1	1409	0.0	2396
AF243177.1	GB_GCA_948652955.1~CAPLMC010000043.1	94.703	1548	72	10	1	1541	29	1573	0.0	2396
AF243177.1	RS_GCF_013487845.1~NZ_CP047410.1	94.696	1546	74	8	1	1541	29	1571	0.0	2394
AF243177.1	RS_GCF_020785075.1~NZ_JAJGUT010000233.1	97.372	1408	34	3	136	1541	1	1407	0.0	2392
AF243177.1	RS_GCF_021168665.1~NZ_JAJPDE010000013.1	97.370	1407	34	3	137	1541	1	1406	0.0	2390
AF243177.1	RS_GCF_025189645.1~NZ_RINP01000046.1	97.305	1410	35	3	134	1541	1	1409	0.0	2390
AF243177.1	RS_GCF_025189625.1~NZ_RINO01000138.1	97.305	1410	35	3	134	1541	1	1409	0.0	2390
AF243177.1	RS_GCF_019042695.1~NZ_JAHPJJ010000041.1	99.170	1326	9	2	217	1541	1	1325	0.0	2386
AF243177.1	GB_GCA_948878005.1~CAQSGE010000099.1	97.042	1420	35	7	1	1416	29	1445	0.0	2383
AF243177.1	RS_GCF_002128705.1~NZ_MIMW01000008.1	97.042	1420	35	7	1	1416	29	1445	0.0	2383
AF243177.1	GB_GCA_001756765.1~MAGB01000178.1	97.350	1396	34	3	148	1541	2	1396	0.0	2370
AF243177.1	RS_GCF_947381685.1~NZ_CANCWV010000002.1	94.239	1545	83	6	1	1541	30	1572	0.0	2355
AF243177.1	RS_GCF_947381655.1~NZ_CANCWM010000007.1	94.239	1545	83	6	1	1541	30	1572	0.0	2355
AF243177.1	RS_GCF_016900495.1~NZ_JACLYX010000056.1	94.239	1545	83	6	1	1541	30	1572	0.0	2355
AF243177.1	RS_GCF_947381665.1~NZ_CANCVZ010000025.1	94.239	1545	83	6	1	1541	30	1572	0.0	2355
AF243177.1	GB_GCA_948594915.1~CAPCWR010000042.1	94.194	1550	76	14	1	1541	29	1573	0.0	2351
AF243177.1	RS_GCF_947381495.1~NZ_CANCWK010000094.1	97.664	1370	29	3	1	1368	29	1397	0.0	2350
AF243177.1	RS_GCF_001435775.1~NZ_AZFK01000041.1	94.175	1545	84	6	1	1541	29	1571	0.0	2350
AF243177.1	RS_GCF_013778525.1~NZ_JAAUWX010000030.1	98.642	1325	16	2	218	1541	2	1325	0.0	2346
AF243177.1	RS_GCF_025189725.1~NZ_RINS01000125.1	97.325	1383	34	3	161	1541	1	1382	0.0	2346
AF243177.1	RS_GCF_000789175.1~NZ_JSWI01000063.1	94.053	1547	84	8	1	1541	29	1573	0.0	2340
AF243177.1	RS_GCF_027676065.1~NZ_JAQEPA010000017.1	94.053	1547	84	8	1	1541	29	1573	0.0	2340
AF243177.1	RS_GCF_900103925.1~NZ_FNIH01000039.1	94.053	1547	84	8	1	1541	29	1573	0.0	2340
AF243177.1	RS_GCF_027694665.1~NZ_JAQEVO010000002.1	94.053	1547	84	8	1	1541	29	1573	0.0	2340
AF243177.1	RS_GCF_027676025.1~NZ_JAQEOZ010000016.1	94.053	1547	84	8	1	1541	29	1573	0.0	2340
AF243177.1	RS_GCF_000247775.1~NZ_AICN01000060.1	94.049	1546	83	9	1	1541	29	1570	0.0	2337
AF243177.1	RS_GCF_029076635.1~NZ_JARFIL010000094.1	93.988	1547	85	8	1	1541	29	1573	0.0	2335
AF243177.1	RS_GCF_027693345.1~NZ_JAQEXD010000013.1	93.988	1547	85	8	1	1541	29	1573	0.0	2335
AF243177.1	RS_GCF_001040725.1~NZ_CVQW01000002.1	93.988	1547	85	8	1	1541	29	1573	0.0	2335
AF243177.1	RS_GCF_027693385.1~NZ_JAQEXB010000029.1	93.988	1547	85	8	1	1541	29	1573	0.0	2335
AF243177.1	RS_GCF_027693785.1~NZ_JAQEWK010000029.1	93.988	1547	85	8	1	1541	29	1573	0.0	2335
AF243177.1	RS_GCF_027697925.1~NZ_JAQERR010000031.1	93.988	1547	85	8	1	1541	29	1573	0.0	2335
AF243177.1	RS_GCF_000248095.2~NZ_CP011013.1	93.988	1547	85	8	1	1541	29	1573	0.0	2335
AF243177.1	RS_GCF_027662565.1~NZ_JAQDJM010000025.1	93.988	1547	85	8	1	1541	29	1573	0.0	2335
AF243177.1	RS_GCF_027691385.1~NZ_JAQFAX010000044.1	93.988	1547	85	8	1	1541	29	1573	0.0	2335
AF243177.1	RS_GCF_902385785.1~NZ_CABMGR010000002.1	93.988	1547	85	8	1	1541	29	1573	0.0	2335
AF243177.1	RS_GCF_027664525.1~NZ_JAQDFR010000048.1	93.988	1547	85	8	1	1541	29	1573	0.0	2335
AF243177.1	RS_GCF_900114225.1~NZ_FOSI01000038.1	93.988	1547	85	8	1	1541	29	1573	0.0	2335
AF243177.1	RS_GCF_027693545.1~NZ_JAQEWW010000025.1	93.988	1547	85	8	1	1541	29	1573	0.0	2335
AF243177.1	RS_GCF_027693805.1~NZ_JAQEWI010000023.1	93.988	1547	85	8	1	1541	29	1573	0.0	2335
AF243177.1	RS_GCF_900109445.1~NZ_FNZY01000032.1	93.984	1546	85	8	1	1540	29	1572	0.0	2333
AF243177.1	GB_GCA_000766905.1~JROC01000033.1	93.988	1547	84	9	1	1541	29	1572	0.0	2333
AF243177.1	RS_GCF_030372225.1~NZ_JAUDDW010000083.1	97.714	1356	28	3	188	1541	1	1355	0.0	2329
AF243177.1	RS_GCF_009648555.1~NZ_CP045729.1	93.920	1546	85	9	1	1541	29	1570	0.0	2326
AF243177.1	RS_GCF_001434365.1~NZ_AZFN01000048.1	93.920	1546	85	9	1	1541	29	1570	0.0	2326
AF243177.1	RS_GCF_027156755.1~NZ_JAKHMN010000046.1	99.377	1284	6	2	259	1541	1	1283	0.0	2326
AF243177.1	RS_GCF_947381785.1~NZ_CANCWZ010000060.1	99.377	1284	6	2	259	1541	1	1283	0.0	2326
AF243177.1	RS_GCF_027156205.1~NZ_JAKHNI010000051.1	99.377	1284	6	2	259	1541	1	1283	0.0	2326
AF243177.1	RS_GCF_027156625.1~NZ_JAKHMM010000047.1	99.377	1284	6	2	259	1541	1	1283	0.0	2326
AF243177.1	RS_GCF_027156605.1~NZ_JAKHMO010000046.1	99.377	1284	6	2	259	1541	1	1283	0.0	2326
AF243177.1	RS_GCF_027156685.1~NZ_JAKHMK010000047.1	99.377	1284	6	2	259	1541	1	1283	0.0	2326
AF243177.1	RS_GCF_004349685.1~NZ_SATM01000070.1	97.633	1352	28	4	191	1540	3	1352	0.0	2316
AF243177.1	RS_GCF_004349655.1~NZ_SATN01000070.1	97.633	1352	28	4	191	1540	3	1352	0.0	2316
AF243177.1	RS_GCF_901971775.1~NZ_CABFNH010000058.1	93.730	1547	89	8	1	1541	29	1573	0.0	2313
AF243177.1	RS_GCF_018966925.1~NZ_JAHLXI010000161.1	97.559	1352	29	4	191	1540	4	1353	0.0	2311
AF243177.1	RS_GCF_001703935.1~NZ_MBLU01000180.1	97.559	1352	29	4	191	1540	4	1353	0.0	2311
AF243177.1	RS_GCF_020784835.1~NZ_JAJGUF010000067.1	97.559	1352	29	4	191	1540	4	1353	0.0	2311
AF243177.1	RS_GCF_022509245.1~NZ_JAJAOY010000180.1	97.559	1352	29	4	191	1540	4	1353	0.0	2311
AF243177.1	RS_GCF_020784845.1~NZ_JAJGUG010000073.1	97.559	1352	29	4	191	1540	4	1353	0.0	2311
AF243177.1	RS_GCF_003149115.1~NZ_QGDR01000003.1-#2	93.617	1551	86	13	1	1541	29	1576	0.0	2303
AF243177.1	RS_GCF_900217925.1~NZ_UHJM01000002.1-#2	93.617	1551	86	13	1	1541	29	1576	0.0	2303
AF243177.1	RS_GCF_025189765.1~NZ_RINU01000064.1	97.895	1330	25	3	214	1541	1	1329	0.0	2298
AF243177.1	RS_GCF_947381575.1~NZ_CANCWD010000071.1	97.892	1328	25	3	216	1541	1	1327	0.0	2294
AF243177.1	RS_GCF_021168715.1~NZ_JAJPDH010000011.1	98.103	1318	22	3	226	1541	1	1317	0.0	2292
AF243177.1	RS_GCF_014145615.1~NZ_JACIVH010000023.1	98.103	1318	22	3	226	1541	3	1319	0.0	2292
AF243177.1	RS_GCF_021168735.1~NZ_JAJPDJ010000020.1	98.103	1318	22	3	226	1541	3	1319	0.0	2292
AF243177.1	RS_GCF_020784915.1~NZ_JAJGUK010000012.1	97.820	1330	26	3	214	1541	1	1329	0.0	2292
AF243177.1	RS_GCF_012971105.1~NZ_VTTC01000122.1	97.820	1330	26	3	214	1541	1	1329	0.0	2292
AF243177.1	RS_GCF_012971025.1~NZ_VRYL01000149.1	97.820	1330	26	3	214	1541	1	1329	0.0	2292
AF243177.1	RS_GCF_020785115.1~NZ_JAJGUW010000057.1	97.820	1330	26	3	214	1541	1	1329	0.0	2292
AF243177.1	RS_GCF_020784995.1~NZ_JAJGUO010000160.1	97.890	1327	25	3	217	1541	1	1326	0.0	2292
AF243177.1	RS_GCF_020784375.1~NZ_JAJGTM010000027.1	97.816	1328	26	3	216	1541	1	1327	0.0	2289
AF243177.1	RS_GCF_020784465.1~NZ_JAJGTL010000025.1	97.816	1328	26	3	216	1541	1	1327	0.0	2289
AF243177.1	RS_GCF_016900715.1~NZ_JACJKI010000118.1	97.816	1328	26	3	216	1541	1	1327	0.0	2289
AF243177.1	RS_GCF_020785815.1~NZ_JAJGWD010000028.1	97.816	1328	26	3	216	1541	1	1327	0.0	2289
AF243177.1	RS_GCF_947381675.1~NZ_CANCWL010000066.1	97.816	1328	26	3	216	1541	1	1327	0.0	2289
AF243177.1	RS_GCF_012971115.1~NZ_VRYJ01000035.1	97.744	1330	27	3	214	1541	1	1329	0.0	2287
AF243177.1	RS_GCF_012971095.1~NZ_VTTD01000105.1	97.744	1330	27	3	214	1541	1	1329	0.0	2287
AF243177.1	RS_GCF_009649095.1~NZ_WJNE01000057.1	98.027	1318	23	3	226	1541	1	1317	0.0	2287
AF243177.1	RS_GCF_012971125.1~NZ_VTTF01000158.1	97.744	1330	27	3	214	1541	1	1329	0.0	2287
AF243177.1	RS_GCF_012971085.1~NZ_VTTE01000158.1	97.744	1330	27	3	214	1541	1	1329	0.0	2287
AF243177.1	RS_GCF_009649445.1~NZ_WJMY01000053.1	98.027	1318	23	3	226	1541	1	1317	0.0	2287
AF243177.1	RS_GCF_012971035.1~NZ_VTTB01000149.1	97.744	1330	27	3	214	1541	1	1329	0.0	2287
AF243177.1	RS_GCF_020784295.1~NZ_JAJGTH010000119.1	98.027	1318	23	3	226	1541	7	1323	0.0	2287
AF243177.1	RS_GCF_020784305.1~NZ_JAJGTG010000109.1	98.027	1318	23	3	226	1541	7	1323	0.0	2287
AF243177.1	RS_GCF_020784255.1~NZ_JAJGTE010000042.1	98.027	1318	23	3	226	1541	9	1325	0.0	2287
AF243177.1	RS_GCF_020784605.1~NZ_JAJGTW010000012.1	98.027	1318	23	3	226	1541	3	1319	0.0	2287
AF243177.1	RS_GCF_014145525.1~NZ_JACIVC010000071.1	97.741	1328	28	2	215	1541	1	1327	0.0	2285
AF243177.1	RS_GCF_021168615.1~NZ_JAJPDC010000063.1	97.741	1328	28	2	215	1541	1	1327	0.0	2285
AF243177.1	RS_GCF_021168595.1~NZ_JAJPDB010000059.1	97.741	1328	28	2	215	1541	1	1327	0.0	2285
AF243177.1	RS_GCF_001435245.1~NZ_AZGC01000017.1	93.394	1544	98	4	1	1541	30	1572	0.0	2283
AF243177.1	RS_GCF_020784205.1~NZ_JAJGTD010000028.1	98.240	1307	20	3	237	1541	1	1306	0.0	2283
AF243177.1	RS_GCF_020784935.1~NZ_JAJGUL010000027.1	98.165	1308	21	3	236	1541	3	1309	0.0	2279
AF243177.1	RS_GCF_020785035.1~NZ_JAJGUR010000130.1	98.165	1308	21	3	236	1541	3	1309	0.0	2279
AF243177.1	RS_GCF_001311375.1~NZ_BBAS01000031.1	93.333	1545	98	5	1	1541	30	1573	0.0	2278
AF243177.1	RS_GCF_943193105.1~NZ_CALPCW010000024.1	98.826	1278	13	2	265	1541	1	1277	0.0	2276
AF243177.1	RS_GCF_003175025.1~NZ_QGHO01000140.1	98.232	1301	20	3	243	1541	1	1300	0.0	2272
AF243177.1	RS_GCF_001437235.1~NZ_JQBA01000066.1	94.769	1453	73	3	91	1541	3	1454	0.0	2259
AF243177.1	RS_GCF_003413665.1~NZ_QRDF01000103.1	98.202	1279	20	3	265	1541	1	1278	0.0	2231
AF243177.1	RS_GCF_020785305.1~NZ_JAJGUZ010000079.1	98.202	1279	20	3	265	1541	1	1278	0.0	2231
AF243177.1	RS_GCF_940926095.1~NZ_CALNWZ010000085.1	98.202	1279	20	3	265	1541	1	1278	0.0	2231
AF243177.1	RS_GCF_020785025.1~NZ_JAJGUP010000087.1	98.202	1279	20	3	265	1541	1	1278	0.0	2231
AF243177.1	RS_GCF_025189745.1~NZ_RINT01000064.1	98.202	1279	20	3	265	1541	1	1278	0.0	2231
AF243177.1	RS_GCF_020784755.1~NZ_JAJGUC010000024.1	98.202	1279	20	3	265	1541	1	1278	0.0	2231
AF243177.1	RS_GCF_020785185.1~NZ_JAJGUX010000083.1	98.202	1279	20	3	265	1541	1	1278	0.0	2231
AF243177.1	RS_GCF_020784715.1~NZ_JAJGUB010000029.1	98.202	1279	20	3	265	1541	1	1278	0.0	2231
AF243177.1	RS_GCF_020785175.1~NZ_JAJGUY010000016.1	98.202	1279	20	3	265	1541	1	1278	0.0	2231
AF243177.1	RS_GCF_011065435.1~NZ_WHOJ01000110.1	98.202	1279	20	3	265	1541	1	1278	0.0	2231
AF243177.1	RS_GCF_003061685.1~NZ_QAHC01000064.1	98.202	1279	20	3	265	1541	1	1278	0.0	2231
AF243177.1	RS_GCF_020784315.1~NZ_JAJGTA010000127.1	98.202	1279	20	3	265	1541	1	1278	0.0	2231
AF243177.1	RS_GCF_020785015.1~NZ_JAJGUQ010000051.1	98.125	1280	21	3	264	1541	1	1279	0.0	2228
AF243177.1	RS_GCF_020784895.1~NZ_JAJGUJ010000055.1	98.125	1280	21	3	264	1541	1	1279	0.0	2228
AF243177.1	RS_GCF_020785095.1~NZ_JAJGUS010000117.1	98.125	1280	21	3	264	1541	1	1279	0.0	2228
AF243177.1	RS_GCF_020785135.1~NZ_JAJGUV010000076.1	98.124	1279	21	3	265	1541	1	1278	0.0	2226
AF243177.1	RS_GCF_020784195.1~NZ_JAJGTC010000060.1	98.124	1279	21	3	265	1541	1	1278	0.0	2226
AF243177.1	RS_GCF_020784975.1~NZ_JAJGUN010000109.1	98.258	1263	19	3	281	1541	1	1262	0.0	2207
AF243177.1	RS_GCF_020785675.1~NZ_JAJGVY010000035.1	98.180	1264	20	3	280	1541	1	1263	0.0	2204
AF243177.1	RS_GCF_001434475.1~NZ_AZGF01000056.1	92.253	1549	108	12	1	1541	29	1573	0.0	2185
AF243177.1	RS_GCF_000260395.1~NZ_BACO01000094.1	92.253	1549	108	12	1	1541	29	1573	0.0	2185
AF243177.1	RS_GCF_000876205.1~NZ_AWTT01000084.1	92.124	1549	109	13	1	1541	29	1572	0.0	2172
AF243177.1	RS_GCF_020150035.1~NZ_CP083725.1	91.925	1548	115	10	1	1541	29	1573	0.0	2158
AF243177.1	RS_GCF_009809275.1~NZ_WENV01000038.1	91.925	1548	115	10	1	1541	29	1573	0.0	2158
AF243177.1	RS_GCF_009808535.1~NZ_WEPG01000035.1	91.925	1548	115	10	1	1541	29	1573	0.0	2158
AF243177.1	RS_GCF_030378285.1~NZ_JAUDET010000001.1	91.925	1548	115	10	1	1541	29	1573	0.0	2158
AF243177.1	RS_GCF_009808335.1~NZ_WEPQ01000041.1	91.925	1548	115	10	1	1541	29	1573	0.0	2158
AF243177.1	RS_GCF_001672605.1~NZ_LYUJ01000010.1	91.925	1548	115	10	1	1541	29	1573	0.0	2158
AF243177.1	RS_GCF_009809915.1~NZ_WEMO01000037.1	91.925	1548	115	10	1	1541	29	1573	0.0	2158
AF243177.1	RS_GCF_009809025.1~NZ_WEOI01000044.1	91.925	1548	115	10	1	1541	29	1573	0.0	2158
AF243177.1	RS_GCF_009807735.1~NZ_WEML01000021.1	91.925	1548	115	10	1	1541	29	1573	0.0	2158
AF243177.1	RS_GCF_009808095.1~NZ_WELT01000002.1	91.925	1548	115	10	1	1541	29	1573	0.0	2158
AF243177.1	RS_GCF_009808775.1~NZ_WEOV01000014.1	91.925	1548	115	10	1	1541	29	1573	0.0	2158
AF243177.1	RS_GCF_009808255.1~NZ_WEPT01000036.1	91.925	1548	115	10	1	1541	29	1573	0.0	2158
AF243177.1	RS_GCF_011009715.1~NZ_SDQV01000020.1	91.860	1548	116	10	1	1541	29	1573	0.0	2152
AF243177.1	RS_GCF_019844055.1~NZ_CP082111.1	91.860	1548	116	10	1	1541	29	1573	0.0	2152
AF243177.1	RS_GCF_000526815.1~NZ_JAGU01000001.1	91.860	1548	116	10	1	1541	29	1573	0.0	2152
AF243177.1	RS_GCF_004100005.1~NZ_SCIH01000028.1	91.860	1548	116	10	1	1541	29	1573	0.0	2152
AF243177.1	RS_GCF_009808905.1~NZ_WEON01000011.1	91.860	1548	116	10	1	1541	29	1573	0.0	2152
AF243177.1	RS_GCF_024355285.1~NZ_QMFM01000016.1	91.860	1548	116	10	1	1541	29	1573	0.0	2152
AF243177.1	RS_GCF_004102605.1~NZ_CP035151.1	91.860	1548	116	10	1	1541	29	1573	0.0	2152
AF243177.1	RS_GCF_028621815.1~NZ_CP117486.1	91.860	1548	116	10	1	1541	29	1573	0.0	2152
AF243177.1	RS_GCF_026183855.1~NZ_JAPFQU010000012.1	91.860	1548	116	10	1	1541	29	1573	0.0	2152
AF243177.1	GB_GCA_001867265.1~MDDF01000144.1	91.860	1548	116	10	1	1541	29	1573	0.0	2152
AF243177.1	RS_GCF_026222635.1~NZ_CP109913.1	91.860	1548	116	10	1	1541	29	1573	0.0	2152
AF243177.1	GB_GCA_011009585.1~SDQT01000125.1	91.860	1548	116	10	1	1541	29	1573	0.0	2152
AF243177.1	RS_GCF_015557385.1~NZ_JADNOE010000014.1	91.860	1548	116	10	1	1541	29	1573	0.0	2152
AF243177.1	RS_GCF_018448735.1~NZ_JAHCLX010000026.1	91.860	1548	116	10	1	1541	29	1573	0.0	2152
AF243177.1	RS_GCF_024355385.1~NZ_QLZP01000014.1	91.860	1548	116	10	1	1541	29	1573	0.0	2152
AF243177.1	RS_GCF_024355325.1~NZ_QLZL01000002.1	91.860	1548	116	10	1	1541	29	1573	0.0	2152
AF243177.1	RS_GCF_028327105.1~NZ_JAQMNU010000025.1	91.860	1548	116	10	1	1541	29	1573	0.0	2152
AF243177.1	RS_GCF_024355265.1~NZ_QLZJ01000006.1	91.860	1548	116	10	1	1541	29	1573	0.0	2152
AF243177.1	RS_GCF_009910835.1~NZ_VCSF01000020.1	91.860	1548	116	10	1	1541	29	1573	0.0	2152
AF243177.1	RS_GCF_004054355.1~NZ_SBJJ01000001.1	91.860	1548	116	10	1	1541	29	1573	0.0	2152
AF243177.1	RS_GCF_015669505.1~NZ_JADPGX010000029.1	91.860	1548	116	10	1	1541	29	1573	0.0	2152
AF243177.1	RS_GCF_028328205.1~NZ_JAQMNP010000014.1	91.860	1548	116	10	1	1541	29	1573	0.0	2152
AF243177.1	RS_GCF_019390195.1~NZ_JAECZQ010000026.1	91.860	1548	116	10	1	1541	29	1573	0.0	2152
AF243177.1	RS_GCF_030220125.1~NZ_CP126697.1	91.860	1548	116	10	1	1541	29	1573	0.0	2152
AF243177.1	RS_GCF_001436795.1~NZ_JQAQ01000002.1	91.860	1548	116	10	1	1541	29	1573	0.0	2152
AF243177.1	RS_GCF_016726765.1~NZ_CP068106.1	91.860	1548	116	10	1	1541	29	1573	0.0	2152
AF243177.1	GB_GCA_001294765.1~LJBS01000036.1	91.860	1548	116	10	1	1541	29	1573	0.0	2152
AF243177.1	RS_GCF_002173595.1~NZ_CP021487.1	91.860	1548	116	10	1	1541	29	1573	0.0	2152
AF243177.1	RS_GCF_022586895.1~NZ_JAKZMQ010000024.1	91.860	1548	116	10	1	1541	29	1573	0.0	2152
AF243177.1	RS_GCF_021378045.1~NZ_JAHDAT010000010.1	91.860	1548	116	10	1	1541	29	1573	0.0	2152
AF243177.1	RS_GCF_013249135.1~NZ_JABRBO010000024.1	91.860	1548	116	10	1	1541	29	1573	0.0	2152
AF243177.1	RS_GCF_002174215.1~NZ_CP021529.1	91.860	1548	116	10	1	1541	29	1573	0.0	2152
AF243177.1	RS_GCF_001437115.1~NZ_JQCC01000020.1	91.860	1548	116	10	1	1541	29	1573	0.0	2152
AF243177.1	RS_GCF_011604585.1~NZ_CP050079.1	91.860	1548	116	10	1	1541	29	1573	0.0	2152
AF243177.1	RS_GCF_024355305.1~NZ_QLZK01000011.1	91.860	1548	116	10	1	1541	29	1573	0.0	2152
AF243177.1	RS_GCF_028328255.1~NZ_JAQMNV010000015.1	91.860	1548	116	10	1	1541	29	1573	0.0	2152
AF243177.1	RS_GCF_019583525.1~NZ_VCYC01000014.1	91.860	1548	116	10	1	1541	29	1573	0.0	2152
AF243177.1	RS_GCF_009807935.1~NZ_WEMF01000004.1	91.860	1548	116	10	1	1541	29	1573	0.0	2152
AF243177.1	RS_GCF_028328315.1~NZ_JAQMNT010000025.1	91.860	1548	116	10	1	1541	29	1573	0.0	2152
AF243177.1	RS_GCF_023093485.1~NZ_JAGEVK010000050.1	91.860	1548	116	10	1	1541	29	1573	0.0	2152
AF243177.1	RS_GCF_004101585.1~NZ_CP035154.1	91.860	1548	116	10	1	1541	29	1573	0.0	2152
AF243177.1	RS_GCF_001461015.1~NZ_LNUM01000052.1	91.860	1548	116	10	1	1541	29	1573	0.0	2152
AF243177.1	RS_GCF_028328145.1~NZ_JAQMNM010000012.1	91.860	1548	116	10	1	1541	29	1573	0.0	2152
AF243177.1	RS_GCF_013127755.1~NZ_CP053421.1	91.860	1548	116	10	1	1541	29	1573	0.0	2152
AF243177.1	RS_GCF_011009695.1~NZ_SDQW01000018.1	91.860	1548	116	10	1	1541	29	1573	0.0	2152
AF243177.1	RS_GCF_021568595.1~NZ_JAKGSE010000001.1	91.860	1548	116	10	1	1541	29	1573	0.0	2152
AF243177.1	RS_GCF_030262485.1~NZ_JASTSN010000013.1	91.860	1548	116	10	1	1541	29	1573	0.0	2152
AF243177.1	RS_GCF_902373655.1~NZ_CABKNE010000003.1	91.860	1548	116	10	1	1541	29	1573	0.0	2152
AF243177.1	RS_GCF_001767275.1~NZ_CP015206.1	91.860	1548	116	10	1	1541	29	1573	0.0	2152
AF243177.1	RS_GCF_030252485.1~NZ_CP127012.1	91.860	1548	116	10	1	1541	29	1573	0.0	2152
AF243177.1	RS_GCF_024355405.1~NZ_QLZM01000018.1	91.860	1548	116	10	1	1541	29	1573	0.0	2152
AF243177.1	RS_GCF_015556985.1~NZ_JADNNL010000011.1	91.860	1548	116	10	1	1541	28	1572	0.0	2152
AF243177.1	RS_GCF_028328085.1~NZ_JAQMNL010000014.1	91.860	1548	116	10	1	1541	29	1573	0.0	2152
AF243177.1	RS_GCF_028776065.1~NZ_JAQZRB010000082.1	91.860	1548	116	10	1	1541	29	1573	0.0	2152
AF243177.1	RS_GCF_006539025.1~NZ_BJMF01000028.1	91.860	1548	116	10	1	1541	29	1573	0.0	2152
AF243177.1	RS_GCF_009789085.1~NZ_WHSF01000003.1	91.860	1548	116	10	1	1541	29	1573	0.0	2152
AF243177.1	GB_GCA_028328285.1~JAQMNW010000047.1	91.860	1548	116	10	1	1541	29	1573	0.0	2152
AF243177.1	RS_GCF_014906145.1~NZ_CP061715.1	91.860	1548	116	10	1	1541	29	1573	0.0	2152
AF243177.1	RS_GCF_009808715.1~NZ_WEOY01000031.1	91.860	1548	116	10	1	1541	29	1573	0.0	2152
AF243177.1	RS_GCF_012396515.1~NZ_JAAXPQ010000007.1	91.860	1548	116	10	1	1541	29	1573	0.0	2152
AF243177.1	RS_GCF_024355345.1~NZ_QLZN01000017.1	91.860	1548	116	10	1	1541	29	1573	0.0	2152
AF243177.1	RS_GCF_019448175.1~NZ_CP080397.1	91.860	1548	116	10	1	1541	29	1573	0.0	2152
AF243177.1	RS_GCF_024355365.1~NZ_QLZO01000015.1	91.860	1548	116	10	1	1541	29	1573	0.0	2152
AF243177.1	RS_GCF_004099815.1~NZ_SCHZ01000013.1	91.860	1548	116	10	1	1541	29	1573	0.0	2152
AF243177.1	RS_GCF_015555175.1~NZ_JADNJX010000010.1	91.860	1548	116	10	1	1541	29	1573	0.0	2152
AF243177.1	GB_GCA_001868705.1~MOAB01000001.1	91.860	1548	116	10	1	1541	29	1573	0.0	2152
AF243177.1	RS_GCF_009807805.1~NZ_WEMH01000004.1	91.860	1548	116	10	1	1541	29	1573	0.0	2152
AF243177.1	RS_GCF_013375165.1~NZ_JABXOH010000006.1	91.860	1548	116	10	1	1541	29	1573	0.0	2152
AF243177.1	RS_GCF_011009675.1~NZ_SDQU01000028.1	91.860	1548	116	10	1	1541	29	1573	0.0	2152
